,NSB,stdDev,how
Generation,3.889677159263043,0.0005135418686891,sample
