,NSB,stdDev,how
Generation,6.94965437395911,0.001195361621768,sample
