,NSB,stdDev,how
Generation,9.124538529395442,0.0015542035610575,sample
