,NSB,stdDev,how
Generation,10.668509464455418,0.0021360692759541,sample
