,n1-corr,n1-corr-err,n2-corr,n2-corr-err,n3-corr,n3-corr-err,n4-corr,n4-corr-err
DP pre,0.008865141162916146,0.0009072093253262223,0.06224845867664719,0.001653938404642298,0.18009763668610823,0.002335596394364933,0.3252982652970342,0.0035635207896558972
DP dbn,0.008798094226099451,0.0006797487491288583,0.06273265248221183,0.0014254625080011274,0.18077824655166452,0.002679892882176448,0.3260974410639257,0.004215471940235908
DP pos,0.0078563586339091,0.0007988682634178171,0.062458306144214326,0.0019965979917351486,0.1831739719396719,0.002923283033256922,0.3277313138904425,0.0037292645712597126
CD4 spl,0.009616969410835008,0.0005871324719808898,0.06564537762086609,0.0014673052693428505,0.18738279556855808,0.0027052236006151428,0.33379538150042265,0.004317090257525017
CD4 negS,0.009091110050657658,0.000740430154271297,0.06580164118172771,0.0016484604957152814,0.1882398930973821,0.0025029029095107822,0.33378178628703914,0.003621868386403644
CD8 spl,0.00880274965798078,0.000583081950393363,0.06441955438480118,0.0016313145790263592,0.18804973960678417,0.002579418827761965,0.3334845709165428,0.0033260638153542283
CD8 negS,0.008389437335901473,0.0006245290605759664,0.06595747474864755,0.0017188020822459036,0.1894609162344807,0.002722927233355816,0.3343165519464222,0.004222412899849808
